{
    "5": {
        "P_sol_mean": 0.8130434782608695,
        "P_sol_std": 1.0767521000983293,
        "Constraint_mean": 1.0190434782608697,
        "Constraint_std": 0.2565177302560737,
        "Opt_gap_mean": 0.2608695652173913,
        "Opt_gap_std": 0.4391089103635686
    },
    "10": {
        "P_sol_mean": 0.8043478260869565,
        "P_sol_std": 1.3185889232745096,
        "Constraint_mean": 1.1078695652173913,
        "Constraint_std": 0.30130618607883936,
        "Opt_gap_mean": 0.34782608695652173,
        "Opt_gap_std": 0.47628048478710094
    },
    "15": {
        "P_sol_mean": 0.8565217391304347,
        "P_sol_std": 1.0290671533234115,
        "Constraint_mean": 1.0208695652173914,
        "Constraint_std": 0.267804325767548,
        "Opt_gap_mean": 0.30434782608695654,
        "Opt_gap_std": 0.4601306627938419
    },
    "20": {
        "P_sol_mean": 1.0217391304347827,
        "P_sol_std": 1.2853544670090475,
        "Constraint_mean": 1.022217391304348,
        "Constraint_std": 0.2563867588865017,
        "Opt_gap_mean": 0.2608695652173913,
        "Opt_gap_std": 0.43910891036356864
    },
    "25": {
        "P_sol_mean": 0.908695652173913,
        "P_sol_std": 1.5006992698994521,
        "Constraint_mean": 1.0376956521739131,
        "Constraint_std": 0.23881545263210885,
        "Opt_gap_mean": 0.2608695652173913,
        "Opt_gap_std": 0.43910891036356864
    },
    "30": {
        "P_sol_mean": 0.8260869565217392,
        "P_sol_std": 1.030498989010473,
        "Constraint_mean": 1.022913043478261,
        "Constraint_std": 0.26119190230531203,
        "Opt_gap_mean": 0.2608695652173913,
        "Opt_gap_std": 0.4391089103635686
    }
}