{
    "5": {
        "P_sol_mean": 0.017391304347826087,
        "P_sol_std": 0.06360321234055562,
        "Constraint_mean": 1.5387391304347826,
        "Constraint_std": 0.346850452349274,
        "Opt_gap_mean": 1.4782608695652173,
        "Opt_gap_std": 0.6507230237867724
    },
    "10": {
        "P_sol_mean": 0.008695652173913044,
        "P_sol_std": 0.028177133471338527,
        "Constraint_mean": 1.4806521739130438,
        "Constraint_std": 0.34714795851908703,
        "Opt_gap_mean": 1.434782608695652,
        "Opt_gap_std": 0.8249419983047945
    },
    "15": {
        "P_sol_mean": 0.0,
        "P_sol_std": 0.0,
        "Constraint_mean": 1.455521739130435,
        "Constraint_std": 0.3495975163533827,
        "Opt_gap_mean": 1.565217391304348,
        "Opt_gap_std": 0.6478114967717974
    },
    "20": {
        "P_sol_mean": 0.013043478260869565,
        "P_sol_std": 0.06117933599769691,
        "Constraint_mean": 1.5226086956521743,
        "Constraint_std": 0.36207562735481885,
        "Opt_gap_mean": 1.434782608695652,
        "Opt_gap_std": 0.5768043113661565
    },
    "25": {
        "P_sol_mean": 0.0,
        "P_sol_std": 0.0,
        "Constraint_mean": 1.4781739130434786,
        "Constraint_std": 0.3462053489871247,
        "Opt_gap_mean": 1.391304347826087,
        "Opt_gap_std": 0.48804226784007926
    },
    "30": {
        "P_sol_mean": 0.004347826086956522,
        "P_sol_std": 0.0203931119992323,
        "Constraint_mean": 1.5417391304347827,
        "Constraint_std": 0.2866886233000512,
        "Opt_gap_mean": 1.5217391304347827,
        "Opt_gap_std": 0.5800723506141884
    }
}