{
    "5": {
        "P_sol_mean": 0.8666666666666669,
        "P_sol_std": 1.0845377919750985,
        "Constraint_mean": 1.0553000000000001,
        "Constraint_std": 0.267719274614287,
        "Opt_gap_mean": 0.26666666666666666,
        "Opt_gap_std": 0.5120763831912405
    },
    "10": {
        "P_sol_mean": 0.8966666666666667,
        "P_sol_std": 1.4232552671799799,
        "Constraint_mean": 1.1192666666666669,
        "Constraint_std": 0.29118469892645266,
        "Opt_gap_mean": 0.36666666666666664,
        "Opt_gap_std": 0.48189440982669857
    },
    "15": {
        "P_sol_mean": 0.8066666666666669,
        "P_sol_std": 1.110535406409399,
        "Constraint_mean": 1.0617333333333334,
        "Constraint_std": 0.27102004025942844,
        "Opt_gap_mean": 0.26666666666666666,
        "Opt_gap_std": 0.44221663871405326
    },
    "20": {
        "P_sol_mean": 0.9466666666666668,
        "P_sol_std": 1.3280896890730771,
        "Constraint_mean": 1.0854666666666666,
        "Constraint_std": 0.28725780909992493,
        "Opt_gap_mean": 0.26666666666666666,
        "Opt_gap_std": 0.4422166387140533
    },
    "25": {
        "P_sol_mean": 0.77,
        "P_sol_std": 1.346142637315972,
        "Constraint_mean": 1.1008,
        "Constraint_std": 0.25785905710937,
        "Opt_gap_mean": 0.26666666666666666,
        "Opt_gap_std": 0.4422166387140533
    },
    "30": {
        "P_sol_mean": 0.8266666666666668,
        "P_sol_std": 1.0379252809758945,
        "Constraint_mean": 1.0542666666666667,
        "Constraint_std": 0.2762810083150044,
        "Opt_gap_mean": 0.26666666666666666,
        "Opt_gap_std": 0.4422166387140533
    }
}