{
    "5": {
        "P_sol_mean": 0.08666666666666667,
        "P_sol_std": 0.37835902996433907,
        "Constraint_mean": 1.5053666666666667,
        "Constraint_std": 0.33476085825888036,
        "Opt_gap_mean": 1.3333333333333333,
        "Opt_gap_std": 0.6992058987801011
    },
    "10": {
        "P_sol_mean": 0.020000000000000004,
        "P_sol_std": 0.0541602560309064,
        "Constraint_mean": 1.4543666666666673,
        "Constraint_std": 0.34270468174346386,
        "Opt_gap_mean": 1.2666666666666666,
        "Opt_gap_std": 0.8137703743822469
    },
    "15": {
        "P_sol_mean": 0.030000000000000002,
        "P_sol_std": 0.14410644214144858,
        "Constraint_mean": 1.4130999999999998,
        "Constraint_std": 0.3248472820675381,
        "Opt_gap_mean": 1.4,
        "Opt_gap_std": 0.7118052168020874
    },
    "20": {
        "P_sol_mean": 0.02666666666666667,
        "P_sol_std": 0.10306416555826871,
        "Constraint_mean": 1.4980666666666667,
        "Constraint_std": 0.34905471713694913,
        "Opt_gap_mean": 1.4,
        "Opt_gap_std": 0.6110100926607785
    },
    "25": {
        "P_sol_mean": 0.03333333333333333,
        "P_sol_std": 0.14452988925785865,
        "Constraint_mean": 1.4432000000000003,
        "Constraint_std": 0.3188147215337878,
        "Opt_gap_mean": 1.2333333333333334,
        "Opt_gap_std": 0.6155395104206463
    },
    "30": {
        "P_sol_mean": 0.013333333333333334,
        "P_sol_std": 0.04268749491621899,
        "Constraint_mean": 1.5168999999999997,
        "Constraint_std": 0.27359767908372323,
        "Opt_gap_mean": 1.4,
        "Opt_gap_std": 0.6633249580710798
    }
}