{
    "5": {
        "P_sol_mean": 0.030000000000000002,
        "P_sol_std": 0.08225975119502045,
        "Constraint_mean": 1.1825666666666665,
        "Constraint_std": 0.21922677502734217,
        "Opt_gap_mean": 0.9333333333333333,
        "Opt_gap_std": 0.5120763831912405
    },
    "10": {
        "P_sol_mean": 0.07,
        "P_sol_std": 0.16155494421403513,
        "Constraint_mean": 1.1078,
        "Constraint_std": 0.19966511963785763,
        "Opt_gap_mean": 0.7666666666666667,
        "Opt_gap_std": 0.5587684871413403
    },
    "15": {
        "P_sol_mean": 0.04666666666666666,
        "P_sol_std": 0.1820866704499688,
        "Constraint_mean": 1.176533333333333,
        "Constraint_std": 0.238040435407283,
        "Opt_gap_mean": 0.9333333333333333,
        "Opt_gap_std": 0.4422166387140533
    },
    "20": {
        "P_sol_mean": 0.07666666666666667,
        "P_sol_std": 0.1909333798882625,
        "Constraint_mean": 1.169533333333333,
        "Constraint_std": 0.20328776538580856,
        "Opt_gap_mean": 0.9,
        "Opt_gap_std": 0.6506407098647713
    },
    "25": {
        "P_sol_mean": 0.05,
        "P_sol_std": 0.09574271077563382,
        "Constraint_mean": 1.1686333333333332,
        "Constraint_std": 0.21190838953556218,
        "Opt_gap_mean": 0.7333333333333333,
        "Opt_gap_std": 0.5120763831912406
    },
    "30": {
        "P_sol_mean": 0.056666666666666664,
        "P_sol_std": 0.09893881386437221,
        "Constraint_mean": 1.1119333333333334,
        "Constraint_std": 0.23554828709959993,
        "Opt_gap_mean": 0.7333333333333333,
        "Opt_gap_std": 0.5734883511361751
    }
}