{
    "5": {
        "P_sol_mean": 0.06956521739130435,
        "P_sol_std": 0.11954545291189149,
        "Constraint_mean": 0.7971739130434783,
        "Constraint_std": 0.259279881037413,
        "Opt_gap_mean": 0.7391304347826086,
        "Opt_gap_std": 0.5289358721998452
    },
    "10": {
        "P_sol_mean": 0.23913043478260873,
        "P_sol_std": 0.4104495207375981,
        "Constraint_mean": 0.6342608695652173,
        "Constraint_std": 0.22833256017052508,
        "Opt_gap_mean": 0.5652173913043478,
        "Opt_gap_std": 0.49572844569527735
    },
    "15": {
        "P_sol_mean": 0.35652173913043483,
        "P_sol_std": 0.8651846181252031,
        "Constraint_mean": 0.6035652173913043,
        "Constraint_std": 0.17885938759064499,
        "Opt_gap_mean": 0.5652173913043478,
        "Opt_gap_std": 0.4957284456952773
    },
    "20": {
        "P_sol_mean": 0.3521739130434782,
        "P_sol_std": 0.8581423644013504,
        "Constraint_mean": 0.6006086956521738,
        "Constraint_std": 0.19239943485644984,
        "Opt_gap_mean": 0.5652173913043478,
        "Opt_gap_std": 0.4957284456952773
    },
    "25": {
        "P_sol_mean": 0.3260869565217392,
        "P_sol_std": 0.43958220411851723,
        "Constraint_mean": 0.5599999999999999,
        "Constraint_std": 0.14747409499858669,
        "Opt_gap_mean": 0.391304347826087,
        "Opt_gap_std": 0.4880422678400793
    },
    "30": {
        "P_sol_mean": 0.41750010880445665,
        "P_sol_std": 0.7072135442658783,
        "Constraint_mean": 0.5144059276667974,
        "Constraint_std": 0.16025409002569607,
        "Opt_gap_mean": 0.4782608695652174,
        "Opt_gap_std": 0.4995271866554807
    }
}