{
    "5": {
        "P_sol_mean": 0.12608695652173915,
        "P_sol_std": 0.5083796863389032,
        "Constraint_mean": 0.8273478260869563,
        "Constraint_std": 0.2015228131860126,
        "Opt_gap_mean": 1.0869565217391304,
        "Opt_gap_std": 0.6536215816683872
    },
    "10": {
        "P_sol_mean": 0.1565217391304348,
        "P_sol_std": 0.4967950211160244,
        "Constraint_mean": 0.6744782608695653,
        "Constraint_std": 0.1684912253076435,
        "Opt_gap_mean": 0.8260869565217391,
        "Opt_gap_std": 0.5635426694267704
    },
    "15": {
        "P_sol_mean": 0.04347826086956521,
        "P_sol_std": 0.18374388355752555,
        "Constraint_mean": 0.7971739130434784,
        "Constraint_std": 0.22484248634832515,
        "Opt_gap_mean": 1.173913043478261,
        "Opt_gap_std": 0.5635426694267704
    },
    "20": {
        "P_sol_mean": 0.0391304347826087,
        "P_sol_std": 0.1634921363214188,
        "Constraint_mean": 0.6647826086956522,
        "Constraint_std": 0.15207119514620349,
        "Opt_gap_mean": 1.1304347826086956,
        "Opt_gap_std": 0.5360360002581719
    },
    "25": {
        "P_sol_mean": 0.14782608695652175,
        "P_sol_std": 0.6302998356320042,
        "Constraint_mean": 0.6666086956521738,
        "Constraint_std": 0.14389481035160637,
        "Opt_gap_mean": 1.0,
        "Opt_gap_std": 0.5897678246195885
    },
    "30": {
        "P_sol_mean": 0.14347826086956522,
        "P_sol_std": 0.6099366231913108,
        "Constraint_mean": 0.6315217391304349,
        "Constraint_std": 0.15226432096999507,
        "Opt_gap_mean": 0.9565217391304348,
        "Opt_gap_std": 0.5499613322031964
    }
}