{
    "5": {
        "P_sol_mean": 0.034782608695652174,
        "P_sol_std": 0.09140780887664628,
        "Constraint_mean": 1.1610434782608694,
        "Constraint_std": 0.23012633170592067,
        "Opt_gap_mean": 0.9565217391304348,
        "Opt_gap_std": 0.5499613322031964
    },
    "10": {
        "P_sol_mean": 0.07391304347826087,
        "P_sol_std": 0.1673771874340884,
        "Constraint_mean": 1.0862608695652174,
        "Constraint_std": 0.21080945804029727,
        "Opt_gap_mean": 0.6521739130434783,
        "Opt_gap_std": 0.476280484787101
    },
    "15": {
        "P_sol_mean": 0.017391304347826087,
        "P_sol_std": 0.0480233087703794,
        "Constraint_mean": 1.1761304347826087,
        "Constraint_std": 0.261872073705402,
        "Opt_gap_mean": 0.9565217391304348,
        "Opt_gap_std": 0.4642207935665788
    },
    "20": {
        "P_sol_mean": 0.05652173913043478,
        "P_sol_std": 0.12794729538749705,
        "Constraint_mean": 1.1564347826086956,
        "Constraint_std": 0.22025239002541896,
        "Opt_gap_mean": 0.8695652173913043,
        "Opt_gap_std": 0.611793359976969
    },
    "25": {
        "P_sol_mean": 0.056521739130434796,
        "P_sol_std": 0.10560832870861844,
        "Constraint_mean": 1.1536086956521738,
        "Constraint_std": 0.22912835573679333,
        "Opt_gap_mean": 0.7391304347826086,
        "Opt_gap_std": 0.5289358721998452
    },
    "30": {
        "P_sol_mean": 0.06086956521739131,
        "P_sol_std": 0.09663526422127336,
        "Constraint_mean": 1.1095652173913044,
        "Constraint_std": 0.2623654646691132,
        "Opt_gap_mean": 0.6956521739130435,
        "Opt_gap_std": 0.6209937763950304
    }
}