{
    "1": {
        "P_sol_mean": 0.982608695652174,
        "P_sol_std": 1.2973726540214443,
        "Constraint_mean": 1.0503043478260872,
        "Constraint_std": 0.24798044010919204,
        "Opt_gap_mean": 0.17391304347826086,
        "Opt_gap_std": 0.37903469074266727
    },
    "2": {
        "P_sol_mean": 0.0391304347826087,
        "P_sol_std": 0.08203461853962266,
        "Constraint_mean": 1.538304347826087,
        "Constraint_std": 0.20668573808785767,
        "Opt_gap_mean": 0.9130434782608695,
        "Opt_gap_std": 0.5833220810869016
    },
    "3": {
        "P_sol_mean": 0.008695652173913044,
        "P_sol_std": 0.02817713347133853,
        "Constraint_mean": 1.7310434782608692,
        "Constraint_std": 0.17256365637336613,
        "Opt_gap_mean": 1.2173913043478262,
        "Opt_gap_std": 0.5865538070970452
    },
    "5": {
        "P_sol_mean": 0.004347826086956522,
        "P_sol_std": 0.0203931119992323,
        "Constraint_mean": 2.0232173913043483,
        "Constraint_std": 0.20043104778185897,
        "Opt_gap_mean": 1.6956521739130435,
        "Opt_gap_std": 0.6874516652539955
    },
    "7": {
        "P_sol_mean": 0.0,
        "P_sol_std": 0.0,
        "Constraint_mean": 2.3763478260869566,
        "Constraint_std": 0.29906733409277764,
        "Opt_gap_mean": 1.6521739130434783,
        "Opt_gap_std": 0.560178205509788
    },
    "9": {
        "P_sol_mean": 0.0,
        "P_sol_std": 0.0,
        "Constraint_mean": 2.715,
        "Constraint_std": 0.42819540439830284,
        "Opt_gap_mean": 2.0,
        "Opt_gap_std": 0.5107539184552492
    }
}